"ObjectName","Category","Requirement","DVOType","GSCType","Comparison","Placement","DVOHash","GSCHash"
"Queueing","Tables","CoreRecall","U ","U ","Identical","Common","71EFD04BFAFE81887A01A8C06D670F82990626315BCFE6BD4921D3B3E684DB59","71EFD04BFAFE81887A01A8C06D670F82990626315BCFE6BD4921D3B3E684DB59"
"QueueingItems","Tables","QueueMode","U ","U ","Identical","Common","B41D1B16E085DFF2F023F8B13C776BFEC7EE26AB80EEF8A1F42A8D156BAD5502","B41D1B16E085DFF2F023F8B13C776BFEC7EE26AB80EEF8A1F42A8D156BAD5502"
"PickerList","Tables","QueueMode","U ","U ","Identical","Common","22CDCDF4C9C0B3062133BC4FBFB5B2A2C9F54D36A705DC170CFA87566A471B4F","22CDCDF4C9C0B3062133BC4FBFB5B2A2C9F54D36A705DC170CFA87566A471B4F"
"SOD_Item_Logs","Tables","QueueMode","U ","U ","Identical","Common","6B21ECD56B1EA2E9FA9CE8FFD9971C3507E670D192AF4719C7FC75FC5D31F121","6B21ECD56B1EA2E9FA9CE8FFD9971C3507E670D192AF4719C7FC75FC5D31F121"
"SOD_ImportedQuote","Tables","QuotationImport","Missing","Missing","NotExported","MissingBoth","",""
"SOD_Reg","Tables","CoreRegisterDependency","U ","U ","Identical","Common","96D2DECA97D44B2AC891BF47B4D6A2AFBCC27A9F6A31B3F6D585E6F7674CC824","96D2DECA97D44B2AC891BF47B4D6A2AFBCC27A9F6A31B3F6D585E6F7674CC824"
"SOD_WO","Tables","Core","U ","U ","Identical","Common","8518F16C90A43A4A01AC4FEA4E20D23130C1DC1B6F8060B8031F0B18AC855C59","8518F16C90A43A4A01AC4FEA4E20D23130C1DC1B6F8060B8031F0B18AC855C59"
"SOD_WO_Conf","Tables","Core","U ","U ","Different","BranchOverrides","2EA82CAAE7E0B8E78B9F13C4690466DB8EC67EC8A88B8440E21FD87049ABF918","6BC5AA28CCF342DB743D664015BEEF9D99055C6270B78BED89D3C872038BDFB3"
"SOD_WO_CustType","Tables","CustomerType","U ","U ","Identical","Common","291491494988287B92062CC143E00CDBE64A0B49A58AF4541089509CBFB38507","291491494988287B92062CC143E00CDBE64A0B49A58AF4541089509CBFB38507"
"SOD_WO_CustTypeUser","Tables","CustomerType","U ","U ","Identical","Common","50DA3A1BCAB90932DD55BEC0EE37A3B193C177BE40523340ECAB6EF806528221","50DA3A1BCAB90932DD55BEC0EE37A3B193C177BE40523340ECAB6EF806528221"
"SOD_WO_DraftHeader","Tables","OptionalDraft","U ","Missing","MissingInGSC","SourceOnly/DVO_STORE_DB","919CB19B2868795EDFBB458521BDC7AB07EC4C1D0A90E20BE8957CB47F1E32D6",""
"SOD_WO_DraftDetail","Tables","OptionalDraft","U ","Missing","MissingInGSC","SourceOnly/DVO_STORE_DB","D2E70533EC6E3C1527DDB191CFDF047EA9786C674C577F136C65B45B12A24B6B",""
"SOD_WO_LOGS","Tables","PriceAudit","U ","Missing","MissingInGSC","SourceOnly/DVO_STORE_DB","585B8D31F2FEE993D8191E75024AB3C86B33F2C0F47B591CFFCCCB68D47BDF24",""
"SOD_WO_User","Tables","CoreLogin","U ","U ","Identical","Common","6BFBE890C936CFE069778E33ED49641A49E43ABD1F9BF38714E56D7480410915","6BFBE890C936CFE069778E33ED49641A49E43ABD1F9BF38714E56D7480410915"
"Queueing_Quote","Tables","MappedInactive","Missing","Missing","NotExported","MissingBoth","",""
"WorkOrder_Logs","Tables","MappedInactive","Missing","Missing","NotExported","MissingBoth","",""
"SOD_ViewForInvoice","Views","QueueMode","V ","V ","Identical","Common","60E137CA5C6827B7060A78FCFEAC21A1790E4B29656EB0154ECB15E266757886","60E137CA5C6827B7060A78FCFEAC21A1790E4B29656EB0154ECB15E266757886"
"SOD_ViewItems","Views","MappedLegacy","V ","V ","Different","BranchOverrides","045E603568BA0A4E161F94DB3AB9327A46C87499C73FC5B9C1F699B7E56D0723","CCCE22D6E273DED412F5F0FA6E11D6A01931C6772510234288853923934792CB"
"SOD_ViewItemsWO","Views","CoreSearch","V ","Missing","MissingInGSC","SourceOnly/DVO_STORE_DB","4D56984E9EC9E3018108BF6FFC559E548FCD7F3FA545E04333981890300E4C04",""
"SOD_viewLastUpdatedItem","Views","CoreRefresh","V ","V ","Different","BranchOverrides","C55993B384387302EF7AA3B244CC2FDDAE53D017484B998208CCA83B58B7488F","D9F9DE46E6388A2BD225AFBD73736C1205F1BEDF608ACB39B728DD4D9C170674"
"SOD_viewLastUpdatedOrder","Views","QueueMode","V ","V ","Identical","Common","10D1CDA34FEA72CAFDE94C5071C715C1088248CD4063C841E60DAE4DE701DFDE","10D1CDA34FEA72CAFDE94C5071C715C1088248CD4063C841E60DAE4DE701DFDE"
"SOD_viewTableLastUpdate","Views","CoreRefresh","V ","V ","Identical","Common","CD4EF14F7290726DE48971DDB35D92A87874377445ABE0BB46BF0BB5818D6BCD","CD4EF14F7290726DE48971DDB35D92A87874377445ABE0BB46BF0BB5818D6BCD"
"SOD_WEBSITE_VIEW_ORDER_ITEMS","Views","WebsiteImport","Missing","Missing","NotExported","MissingBoth","",""
"SOD_WEBSITE_VIEW_ORDERS","Views","WebsiteImport","Missing","Missing","NotExported","MissingBoth","",""
"SOD_fn_GetDiscQty","Functions","CoreFunctionDependency","FN","FN","Identical","Common","C7891012EA371279D696B96D7892652D9EE9D02F402A14554CF0EFAF741AFCD5","C7891012EA371279D696B96D7892652D9EE9D02F402A14554CF0EFAF741AFCD5"
"SOD_fn_GetAvailableQty","Functions","Core","FN","Missing","MissingInGSC","SourceOnly/DVO_STORE_DB","AC3948C2CE7DEDED4F373A817BD9B29BE77EC78DAF8311D74A1D016EEB35725A",""
"SOD_fn_GetConvertQty","Functions","Core","FN","Missing","MissingInGSC","SourceOnly/DVO_STORE_DB","FECCC2482C5CF77EEFF8009395B3DFB94DF20830E18592AAE926504C8042721C",""
"SOD_fn_GetCreditLimit","Functions","Core","FN","Missing","MissingInGSC","SourceOnly/DVO_STORE_DB","480A59A48E38C7AAAE44593613AC5E8E52A144A8A671224F21E3ACF65C37B085",""
"SOD_fn_GetQty","Functions","Core","FN","FN","Different","BranchOverrides","FB24A4372AE58C53A40ECC59E1806E111B01A4A88F22BABBA78CA969D718A409","23DBF44FE5D524AD3907DE5A8A52F4C5DF062378207EF619202C7A976C2E16C7"
"SOD_fn_GetReg","Functions","Core","FN","FN","Identical","Common","407D1532BA6A8F80F001DA816FAC10B9D8DC482272C8D34231040263F63A137E","407D1532BA6A8F80F001DA816FAC10B9D8DC482272C8D34231040263F63A137E"
"SOD_fntbl_sumStockin","Functions","CoreFunctionDependency","IF","IF","Identical","Common","8341592092F7FD65617EC3575A81274201FA44AF550E859A18889414E97CC454","8341592092F7FD65617EC3575A81274201FA44AF550E859A18889414E97CC454"
"SOD_fn_GetStockInQty","Functions","GSCBranchDependency","FN","FN","Identical","Common","5C516F638E738E0B58D4ED4FDCF3F3C9C5734A0F52CDCC61FB83B075F021FA56","5C516F638E738E0B58D4ED4FDCF3F3C9C5734A0F52CDCC61FB83B075F021FA56"
"SOD_fn_GetTotalOpenWorkOrder","Functions","Core","FN","Missing","MissingInGSC","SourceOnly/DVO_STORE_DB","44AFB49F1D2485D2AF2D9956DBDB467CD8053AD8D80B10EE920D72A88EA48589",""
"SOD_fntbl_CheckExQty","Functions","CrossStoreLookup","IF","IF","Different","BranchOverrides","EE979C50AE87131BD65996415959693E67A4D2DE55183AA914AC3C08B814D288","B5E8F767B6F6919BF5991EBDDA2ABA1BD7AC6C8C482185940650E36DC2104EBB"
"SOD_fntbl_CheckOpenWO","Functions","Core","IF","Missing","MissingInGSC","SourceOnly/DVO_STORE_DB","CE7956BD9724D6092E8143B85B17FBF3DE0167E3D684ECC625A43F5CF8A38AE5",""
"SOD_fntbl_CheckQty","Functions","CrossStoreLookup","IF","IF","Different","BranchOverrides","99E8226EF94FB415B2EC5292734A47BDECAC17B7FF1DDB467C4442D8EE56478F","6540C9B4059338B3EB3C8233718BFA8E5AF8D6A6A24868B2248FE7DABA5019B2"
"SOD_fntbl_LastupdateOrder","Functions","QueueMode","IF","IF","Identical","Common","734751CE1AFFBEBF9AB4DAFBE3976464351A2B9AE7B23B0F7B36C2BF94E7D114","734751CE1AFFBEBF9AB4DAFBE3976464351A2B9AE7B23B0F7B36C2BF94E7D114"
"SOD_fntbl_NestedSearchItem","Functions","CoreSearch","IF","IF","Identical","Common","1B19C08639BA8693091372E09126D7F263F6463024E050E86217462219432AF7","1B19C08639BA8693091372E09126D7F263F6463024E050E86217462219432AF7"
"SOD_fntbl_PriceLevel","Functions","CorePricing","IF","IF","Identical","Common","9FC127FE43DCD088928296E6DFEA9A7F061E88B3C346B37FA3E8C28FA997D875","9FC127FE43DCD088928296E6DFEA9A7F061E88B3C346B37FA3E8C28FA997D875"
"SOD_fntbl_SearchItem","Functions","CoreSearch","IF","IF","Identical","Common","6019B55AB6CE2A74495A1EC6EE59C9B86596B4CFD11D5BA0D604D2C1E3AAFDEE","6019B55AB6CE2A74495A1EC6EE59C9B86596B4CFD11D5BA0D604D2C1E3AAFDEE"
"SOD_fntbl_WoDetails","Functions","CoreReporting","TF","TF","Different","BranchOverrides","672F03A6F24C625DE7F56FD9EE089290A931ECE1C76049F570C894F4F59C3CD6","A09D561D45FABD005834CF6CBBEDE7366A87D9717E9F0DCF52AC27477F06D991"
"SOD_fntbl_WoEntry","Functions","CoreReporting","TF","TF","Identical","Common","3AD2DE251F2FE2EB0FAF4100E442200B1E8F0CC405ED247073CED22FB01A1571","3AD2DE251F2FE2EB0FAF4100E442200B1E8F0CC405ED247073CED22FB01A1571"
"SOD_sp_InsertQoute","Procedures","CoreSave","P ","P ","Different","BranchOverrides","2BCD3C9BDEB09A4B5635E1AFE71CF92E37653E4C617058FB3C126D181E7F5F3E","28F9A41DE5038F75590C88BA54217CB1E4712DF51AF22A7C176FD28B079D3C0B"
"SOD_sp_InsertQouteEntry","Procedures","CoreSave","P ","P ","Different","BranchOverrides","0D6565F1D8ED2F67D22CE3F1CF55901AEF0B62BFBABE1099CC27D03E843AF8EC","62C7E1D93A0ECB63AA8212879225F4A942F67D7BFF865D16A7181DABA2EC0939"
"trg_InventoryTransferLog_ItemLogs","Triggers","QueueAudit","TR","TR","Identical","Common","0FC96D673E528C4ECB197DCAFE08272DCAC8EF6ABB6CDB0E4D88716EBDA195C6","0FC96D673E528C4ECB197DCAFE08272DCAC8EF6ABB6CDB0E4D88716EBDA195C6"
"trg_ItemLogs","Triggers","QueueAudit","TR","TR","Identical","Common","199A5C2DB4343C4DED593B69A6FEB990542EE2BA81218B8F23355647D3A55667","199A5C2DB4343C4DED593B69A6FEB990542EE2BA81218B8F23355647D3A55667"
"trg_OrderEntry_ItemLogs","Triggers","QueueAudit","TR","TR","Identical","Common","4326A208C480689659F50AD4A27212A29DBC382688A8F3161F515D1699458225","4326A208C480689659F50AD4A27212A29DBC382688A8F3161F515D1699458225"
"trg_Transaction_closeQueue","Triggers","QueueMode","TR","TR","Identical","Common","1B87C45DA94C9E3710ABA42FC8FEF14CB4EDA02B5ECAC60FD6E46750B26711B9","1B87C45DA94C9E3710ABA42FC8FEF14CB4EDA02B5ECAC60FD6E46750B26711B9"
"trg_TransactionEntry_ItemLogs","Triggers","QueueAudit","TR","TR","Identical","Common","0010E51AE6780D726BD826DA1DE24868CAD49137BBB1C640DE62AC45CFC2D82A","0010E51AE6780D726BD826DA1DE24868CAD49137BBB1C640DE62AC45CFC2D82A"
